,text,target
0,mulai bosan tidak memang hidup terus jalan rintang tetap lawan,0
1,hidup pernah bosan tetapi bagi orang pilih bosan,0
2,tetap pulang rumah adalah solusi hidup sana buat kamu bosan,0
3,oii bajak aku bosan hidup bilang,0
4,bosan hidup cebong betina,0
5,rasa pernah bosan pandang langit mungkin suatu aku beri rasa sama pandang cipta jadi teman hidup,0
6,bosan hidup sendiri orang jomblo nekat nikah pohon jambu batang kara,0
7,jika kau rasa bosan hidup mungkin kau sedang lalu titik mana kau harap apa hidup,0
8,tiap orang pernah rasa bosan tapi jangan pernah rasa bosan hidup udah aja,0
9,bosan pak sama demo dikit dikit demo saya lama hidup saya gak pernah demo biasa aja memang mahasiswa sekolah demo liput media kok wakil ketua dpr hormat suka bgt nyampah gin sih,0
10,halo cinta bola bosan kalah main situs ayo coba untung sportbook bonus new member cashback komisi live casino bonus new member komisi slot games komisi bonus referral umur hidup,0
11,satu keluarga bom bunuh diri dia bosan hidup krn bunuh diri haram dlm islam lagi maaf bom bunuh diri keluarga aku kurang tau biar,0
12,terlalu lama duduk meja kerja sebab rasa bosan hinggap rasa kantuk tidak baik sehat,0
13,bila kali akhir pokok buah anda buah bosan hasil tanam hidup segan segan cari cari rahsia pokok bunga tumbuh riah sekarang tahu rahsia encik ibrahim ali,0
14,bosan main dengan robot dan admin coba saja main rajabandarqq dot com robot admin fair play games segera gabung dapat promo besar bonus rollingan tiap hari sekali bonus refferal besar umur hidup tanpa syarat apa,0
15,yang bosan hidup miskin nih cara biar jadi kaya solusikeuangan,0
16,bosan capek lelah nama hidup coy sempurna anda selalu merasaseperti tiap hari tiap saya solusi solusi cuma,0
17,bila aku bosan ajar aku bisik diri sndiri nasihat imam syafi lelah lah manis hidup asa lelah juang jangan serah serah arti tunda masa senang masa datang orang,0
18,ayo taufik maju sbg cawagub jgn korupsi apa gak bosan hidup penjara,0
19,mungkin semua orang begini punya pelihara salah satu cara kurang rasa sendiri murung bosan hidup anjing paling baik turut walaupun aku suka kucing,0
20,lagi nyari jodoh nih bosan hidup sendiri terus ken nyari teman hidup,0
21,pergi jahanam sama orang tidak ret gurau semua benda mahu ambil serius hidup kau nyata bosan,0
22,suatu bodoh apabila laku suatu salah sama ajar hidup cukup hari jadi jangan bosan terus ajar ajar akan hidup,0
23,indonesia negara kaya ragam hanya sedikit sekali alas bosan hidup dalam jika kamu pikir rasa hal yang sesuai rel janji,0
24,seperti apa moles tampil jelas rakyat sdh bosan dgn hidup sulit zaman rezim jokowi harga roket dollar roket usaha sulit anggur limpah,0
25,bosan hidup ilmuwan usia tahun ini ingin suntik mati,0
26,hidup sini yah lama bosan banget nget ngeeet terlalu datar gak drama org ngomongin agama sana sini banjir demo aneh hal viral lain,0
27,kenapa kamu bosan hidup karena kau punya tuju target mimpi usaha akuharusyakin,0
28,astagfirullah depan kamar kalau bangkai tikus bangkai apa hewan sudah bosan hidup blek mati depan duli hidung aku suka hirup udara,0
29,selamat harisumpahpemuda jangan jadi pemuda lemah read doang aja udah bosan hidup,0
30,hanya org bodoh blg bosan hidup rumah sakit byk orang sekarat juang utk tetap hidup,0
31,ini timeline lagi kayak siap mati semua bosan hidup apa gimana,0
32,temu passion jadi apa kamu ingin turut apa kata hati jika giat tidak dalam ingin akan cepat timbul rasa bosan diri jalan passion gaya hidup sesuai yang ingin,0
33,iyah abang ajak satu indonesia biar pecah rusuh smua orang bosan hidup,0
34,gapapa meni bukan semua orang tuju hidup untuk meni doang bosan,0
35,wakil ketua dpr gaji rakyat hasil kerja cuma begini hidup enak pernah kerja bosan jadi jilat,0
36,bosan pimpin rezim hidup susah harga roket hutang roket dollar roket,0
37,hidup juang juang diri sendiri lawan bosan lawan malas lawan capek lawan hal kecil mati lawan aja terus juang terus enggak pernah yang sia sia sekalipun asa sia sia kamu yakin,0
38,hidup pahit ada manis kalau gak mau pahit rasa manis kalau bosan manis rasa pahit pilih,0
39,kadang kadang hidup asa bosan apabila terlalu jaga hati orang asa lebih bosan bila orang tak pernah jaga hati,0
40,beri hidup dunia nyata seringkali bosan akhir sewa satu dunia deh dunia maya,0
41,apakah bosan hidup ayo ikut dengan pasti bosan,0
42,bosan landa hidup gulana tak terfikirkan cita entah bagaimana ini awal dewasa usaisenja,0
43,bosan hidup pak jgn jadi prabowo sbg sebab bapak mati kalo udah bosan hidup ngadu sama allah moga doa bapak kabul allah jgn titip dosa buat org negeri super sontoloyo,0
44,tanpa politik bosan hidup dok,0
45,dengan batang nikotin kopi buang rasa jenuh bosan karena semua tak penting buat hidup jadi seloow bei rokok praoe lajar,0
46,motivasi pagi jika bosan hidup tinggal lah hiya hiya hiya,0
47,anda bosan hidup,0
48,jangan bosan aku tak pernah bosan meski hidup sama puluh tahun,0
49,selamat pagi sang matahari tidak pernah bosan sari hidup aku umat lain,0
50,hidup arti apa apa sahabat quintus ennius,0
51,jika hidup anda jalan mudah arti anda jalan hidup arti lerry winget,0
52,mungkin ira diri tidak arti siapa mungkin ira diri tidak layak dapat semua baik datang hidup lama mungkin pernah salah nilai orang jadi mungkin kita juga salah nilai diri sendiri,0
53,hasil besar hidup bukan arti pernah jatuh bangkit kali jatuh,0
54,terimakasih karna ajar kuat meski hati sayat terima jelas jelas udah buat hidup kamu arti lalau lihat kuat meski ada makin sekarat usaha jujur meski hati udah jelas bakal hancur kamu kuat aku,0
55,kalaupun hidup tumpu salah laku terima arti lama hidup kita tidak pernah henti ajar,0
56,tidak perlu jadi siapa senang orang jadi diri sendiri kemudian laku baik bisa kamu laku jadi manfaat bahagia orang semangatt hidup sekali jadi arti mari contoh bapak,0
57,senyum wajah saya arti hidup saya sempurna tapi saya harga apa saya milik apa tuhan ikan saya,0
58,ingat waktu seperti sungai kita bisa sentuh air sama dua kali karena air telah alir terus lalu tidak pernah untuk buat hidup lebih arti selamat sore mendung,0
59,syukur apa yang dapat entah suka atau maka begitu arti sudah harga hidup sendiri,0
60,filipi karena bagi hidup kristus mati untung tetapi aku hidup dunia arti bagi kerja beri buah jadi mana harus pilih aku tahu,0
61,belum punya pasang hidup bukan arti bisa nikmat hidup,0
62,jika saya rasa tdk hal tarik hidup saya cerita itu arti saya kenal siapa diri saya mari renung,0
63,hormat makhluk hidup seluruh benda mati karena kalian tidak arti palnet bumi attitude,0
64,banyak anggap hidup hiv saya arti lemah tidak milik harap tetapi saya ingin patah semua pandang saya hidup hiv saya berani hadap segala tantang tahan,0
65,yang berat hidup hasil isi esensi bukan cari sensasi hasil tak selalu indah bahkan memang hasil pernah indah takut arti bisik manusiawi yang salah diri duli perhati diri kaca hati pikir rusak,0
66,jangan fokus sama apa kurang apa salah hidup kita lupa syukur apa sudah baik jadi bahagia sibuk komplain jadi saya kata hal baik hidup saya bukan arti isi cuma doang,0
67,hidup anda terima sempat arti utk bukti tuhan cipta anda sia,0
68,hidup anda terima sempat arti utk bukti tuhan cipta anda sia,0
69,petuah senja hari abdi negeri ajal jemput karena hidup cuman sekali buat lah jadi arti tidak penting jadi apa jadi apa penting asal manfaat untk negeri,0
70,tidak takut mati bukan arti cari mati namun senantiasa ingat mati karena hidup harga mati jadi selalu hati hati jaga hati hati tak mati,0
71,hidup bimbang tidak bebas arti surat surat belum lengkap,0
72,syukur apa yang dapat entah suka atau maka begitu arti sudah harga hidup sendiri,0
73,tidak yang mustahil dalam hidup lama mau kamu temu jalan kalau ada jalan arti jalan buntu,0
74,dunia indah salah maaf hindar parmaafan buat hidup lebih arti bagaimana baik maklum kekliruan seninsemangat,0
75,don consider your life meaningless never forget friend who clearly loves you jangan anggap hidup anda arti jangan pernah lupa teman jelas cinta,0
76,manusia akan hidup sendiri orang tidak arti selalu andal orang,0
77,rasa hidup pernah bahagia arti tidak pernah syukur,0
78,tidak perlu jadi siapa siapa senang orang jadi diri sendiri kemudian laku baik bisa kamu laku jadi manfaat orang semangat jadi arti hidup sekali,0
79,diskusi sama org lebih tua terus ngasih wejang aku rasa lebih pintar tau banyak hidup bukan arti didik lebih tinggi lantas aku tau banyak enggak wejang terima tetap saring gak tel mentah mentah,0
80,tidak mudah yakin tuk jadi orang arti hidup namun hasil temu maka kita akan tulus hati jaga,0
81,syukur apa yang dapat entah suka atau maka begitu arti sudah harga hidup sendiri,0
82,walaupun hidup mudah bukan arti serah tolong allah datang pernah duga semangat pagi,0
83,untuk kalian sudah nyerah ingat kalian sedang proses hidup proses kalau kalian bicara sabar harga diri arti kalian ego tinggi bukan masalah manusiawi tidak masalah jati diri yasudah,0
84,hanya beberapa jalan sesuai rencana bukan arti hidup kamu jadi tidak baik husnuzhan allah,0
85,semangat orang tua cerai bukan arti harus terus puruk jadi motivasi hidup depan lebih baik ambil ajar hal ini kelak keluarga ulang salah jadi ini semangat sender,0
86,hidup punya tuju kalau punya tuju arti hidup,0
87,tidak hal lebih buruk hilang orang pernah arti hidup jika orang pernah jadi senyum,0
88,minta bantu asing musibah arti lemah tak mampu beri sempat pihak untuk turut prihatin buat baik kita kita gak hidup sendiri dunia,0
89,beberapa orang anggap hidup arti bagi harap hidup agar baik diri,0
90,harta nyaman hidup arti apa tidak sadar semata beri titip allah mesti guna tunjang ibadah alhamdulillah,0
91,orang ingin hidup pasang karna mereka pasang hidup arti buat beban pikir,0
92,hanya belum raih mimpi bukan arti hidup anda arti hidup arti anda punya mimpi raih,0
93,hidup arti kalau bukan sendiri cari arti sulukjuli,0
94,hidup punya tuju kalau punya tuju arti hidup,0
95,syukur apa jadi hidup sungguh tiap lembar cerita ajar makna kita saling suka suka selalu arti sama,0
96,hidup sehat bukan arti pernah sakit tapi usaha baik mungkin tetap jadi sehat,0
97,satu persen arti hidup dong hehehehe yang rawan ada,0
98,tidak istilah kalah hidup saat gagal arti ada hasil sedang tunggu,0
99,syukur apa yang dapat entah suka atau maka begitu arti sudah harga hidup sendiri,0
100,harus bgt anjing mati lampu batre sekarat padahal mau pergi jogja astaga ingin kata kasar,0
101,juang sejati bukan ingin puji saudara masih peduli negeri terus juang negeri diri sendiri tentu mati jaga diri keluarga api neraka pesan islam juang lalu apa yang legal halal laku,0
102,aku ingin lihat orang yang penting mati hadap,0
103,ketika orang islam mati pasti ingin limut kalimah tahuid benderakuhanyasatu,0
104,malam malam ingin menang pasca lihat foto badak cula satu mati tembak cula ambil,0
105,kak shinichi datang walaupun mati oleh itu dia ingin kak ran tunggu conan edogawa,0
106,rindu sakit hari aku tdk lewat aku lewat aku ingin mati aku hidup smpai skrg knapa susah serah percaya mereka berterimakasih karna kamu tahan,0
107,aku ingin lihat orang sayang mati depan karena aku pernah hilang semu naruto sakura,0
108,ingin makan indomie sdh lama takut mati,0
109,jangan mati dulu mblo orang masih ingin lihat derita haha hoho,0
110,pakai uang pinjam online jika ingin mati pelan pelan,0
111,ingin mati saat org butuh kamu plis kei klo masalah cerita aku jgn buat mati jdi jalan keluar buat masalah kamu kamu bilang kya gin sama aja kamu peduli sama kamu sama org sayang sama kamu,0
112,kau hidup mati kau mati ingin hidup tidak hidup terus hidup tak yang hidup mandiri ayo sekolah,0
113,alhamdulillah keluarga utuh walaupun usaha mati total coba gak henti nya datang rumah tangga saja sukar bahkan sempat beberapa kali orang tua saya ingin pisah alhamdulillah tuhan sayang sama keluarga saya,0
114,semua orang pernah rasa jatuh ingin mati astagfirullah,0
115,bendera tauhid tulis kalimat suci bahkan semua orang sangat ingin ucap mati dan kalimat suci cukup simpan dalam hati,0
116,banyak orang ingin hidup lama cari kebahagian kebahagian sungguh ketika mati,0
117,selamat pagi semua moga hari buat ingin mati pluto,0
118,selamat pagi moga hari tak buat ingin mati,0
119,aku ingin lihat paham dunia luar aku tak mau mati dalam dinding tahu dunia luar eren jaeger shingeki kyojin,0
120,serah ingin mati arti hidup busuk bot,0
121,aku usaha diri ingin sekali coba peluk ibu tapi coba tebak apa lihat tubuh sendiri bujur kaku tempat tidur apa aku mati,0
122,saya ingin mati,0
123,tapi aku ingin mati walaupun berat,0
124,hingga mati ingin sama,0
125,jgn kata ingin milik dgn abadi aku mati kata cinta dgn abadi karna cinta tak mati,0
126,orang udah tinggal ingin hidup kamu ingin mati plis jangan tuhan kasih sempat kamu hidup tuhan ingin kamu capai apa jadi target kamu dunia,0
127,ingin mati jangan ada hilang siapa hilang aku misal dusta detected wkwk,0
128,ailsa sangat depresi ingin rasa dia mati sadar boleh egois ada hidup perut bisa menang panjang malam mata bengkak besar buah dukuh,0
129,hei kamu sedang susah hati asa jengah jalan hari senin selasa lagi paket orang tak kau cinta raga lelah ingin mati jangan,0
130,mba ingin saya mati,0
131,mungkin akhir macam yang aku lihat sekarang orang orang putus asa ingin coba bebas tindas tindas akhir ikut mati bawa arus layang layang udara aku bakal gitu tapi sisa benar benar sampah,0
132,dulu kala kau benci dunia rasa ingin mati siapa antar pada cahaya mentari senja trotoar cut nyak dien pikir,0
133,kamu ingin mati wahai anak mudah mati lah jadi henti suatu masalah kamu bunuh diri tahu kan dosa apa saya tahu kamu banyak masalah jangan berfikirin itu kamu tahu mati ada hidup yang mana bukan duniawi,0
134,mati tak kenal usia jika ingin taubat mula sekarang takut masa makin suntuk sungguh malaikat maut tak buat temu janji,0
135,jangan masuk peperangan bukan milik engkau ingin mati sia sia,0
136,andai waktu henti utara semua rasa tak ingin mati,0
137,ketika orang benar benar ingin mati dia tidak pikir hal yang nanti dia tinggal mereka akan penuh diri sendiri ujung ujung bibir angkat atas telapak tangan sentuh muka pipi orang mata,0
138,banyak orang ingin hidup lama cari kebahagian kebahagian sungguh ketika mati,0
139,semua orang ingin masuk surga banyak orang yang ingin mati,0
140,aku suka heran sama pasang muda mud bonceng sama sama pakai helm apa mrk janji cinta hidup semat ingin mati sama iya salah satu alas mrk tdk pakai helm kalo celaka kan resiko mati tinggi,0
141,ingin mandi ingin keramas aer kosan mati,0
142,sedang ingin rasa apa apa tapi gak mau mati atuh belum cukup bekel,0
143,hati mati asa ada otak fungsi saja aku ingin tidak tunjuk ekspresi aku sama seperti punya rasa sesal dalam hati seringkali rapuh otak selalu pikir banyak,0
144,mengapa orang orang rokok karena mereka ingin cepat mati,0
145,tidakkkkk aku belum ingin mati,0
146,walopun gue jarang gereja doa hati gue paling dalam aku ingin tetap peluk agama sampai aku mati,0
147,poin harga mati lau ingin juara,0
148,nikmat hidup kamu mati cinta siapa ingin kamu cinta pergi,0
149,tips para okok jangan takut mati bro lama korek tinggal nyalain aja aku ingin deh nyala hati savemukaboyolali,0
150,selamat pagi wahai perempuan sepi,0
151,tuan sepi tak punya teman hati rapuh lagak tangguh tuan nona sepi,0
152,positif aja dia sepi butuh kawan main,0
153,asa sepi picu respon sama otak rasa sakit fisik bbcnews,0
154,terkadang beri rasa sepi dalam kita lebih harga indah sama,0
155,sepi sungguh ketika kamu lagi mampu dengar suara hati sendiri isak keras,0
156,sepi sungguh adlh anda tdk mampu dengar suara hati sendiri isak keras,0
157,bulan sepi bintang tak,0
158,sendiri bukan arti sepi dan sepi bukan arti kamu sendiri,0
159,hari aku baru sadar kalo cuma dibutuhin waktu sepi aja,0
160,jika teman diri sendiri tak pernah sepi sulit sekali orang bicara saat hanya dengar diri sendiri,0
161,oke inti jangan rasa sepi kita msh punya allah swt,0
162,jangan pernah ngerasa sepi sini apa karena sekarang paspro opmem segera joinkan diri kalian pasukanproduce,0
163,karna bila orang nyaman sepi mereka mereka sadar apa mereka benar benar butuh,0
164,emang kamu situ sepi,0
165,gak sepi gitu gua gan,0
166,hujan hujan gin ken bikin puisi barangkali memang tak saling cinta barangkali hanya takut sepi,0
167,gausah lebih dia datang tuh cuma pas sepi doang,0
168,ketika semua orang perlahan pergi tak perlu sedih tak perlu rasa sepi anggap milik siapa ingat satu ini allah sama quotesoftheday,0
169,makin maju era digital makin mudah orang komunikasi seluruh dunia tapi makin banyak orang sepi,0
170,sendiri bukan arti sepi enak jadi independen,0
171,jangan sedih sedang sepi tuhan selalu hati,0
172,manusia tak kan pernah menang rasa sepi,0
173,sheila pria sepi,0
174,teman orang selamat neraka nama sepi,0
175,bagus tak mau kau sepi,0
176,tuhan memang luar biasa kuasa cipta lelaki wanita pasang tidak sepi dalam hidup masing masing hidup,0
177,suka bingung sama orang sepi alhamdulilah lama imfeelin good dan kalo jadi sepi krn gada tempat cerita kamu bicara sama tuhan just believe heart and ahead,0
178,rasa sepi landa dia lagi jadi anak laki laki enam belas tahun sendiri tempat asing,0
179,sorry bro gue sepi,0
180,hati hati ini efek negatif sepi buat sehat gan forumkaskus via kaskus,0
181,orang sepi dia pura pura baik baik,0
182,org lama sepi bahaya cenderung temprament sgt egois,0
183,ketika kamu lelah minta kuat tuhan ketika kamu tiada kata bicara tuhan ketika kamu sepi tuhan,0
184,terkadang beri rasa sepi dalam kita lebih harga indah sama,0
185,buah studi sebut sepi kali lebih bunuh obesitas,0
186,teliti ungkap sepi dapat rusak struktur dasar otak pengaruh fungsi,0
187,sepi hanya buah sugesti kamu mnghargai orang benar mncintaimu mlupakan dia kecewa sepi hilang,0
188,bagi lama sering rasa sepi coba deh lebih rutin laku ini,0
189,barangkali sepi cipta tuhan ruang lengang tempat kenang datang tandang,0
190,baca buku dengar audio book cara signifikan kurang rasa sepi bantu reda isolasi sosial,0
191,bahagia nggak melulu dua ketika sendiri nggak ngerasa sepi bahagia kok,0
192,orang sepi dia pura pura baik baik,0
193,kadang orang selalu senyum lihat bahagia orang paling sepi,0
194,orang sepi butuh cinta luka tidak luka butuh cinta,0
195,balik quran insha allah tidak rasa sepi,0
196,cara kurang rasa sepi sendiri arti manfaat orang dengan cara take action and giving value,0
197,bahagia hilang sepi sedih luka derita tawa semua saling hubung bentuk suatu siklus hidup akan selalu ulang,0
198,ken karaoke temen ajak mau kalo sendiri liat sepi bgt sii,0
199,saya ucap selamat tidur utk jiwa jiwa sepi,0
200,cara cepat ubah hidup amat sangat sederhana mulai tunda coba mulai tetap lah jalan ketika yang lain sudah mulai lelah lang,0
201,hujan sedang turun cukup deras namun damai sedang istirahat lepas lelah hadap hidup keras,0
202,selalu pilih hidup asa berat padat terlalu tekan pilih tangan juang kenal lelah sibuk rasa diri mampu keluh,0
203,hidup lelah hidup terlalu pikir apa kata orang,0
204,hidup mudah kalau kamu serius serius kalau kamu sedang lelah libur kalau pekerjaanya enak keluar perlu sampe marah konsumen juga capek gerus waktu jalan ingin makan enak ngumpulin uang makan,0
205,hidup lucu cari hilang kejar lari tunggu pergi hari lelah serah itu semesta kerja beberapa hadir dal rupa sama beberapa jauh lebih baik rencana sang cipta memang baik sekali,0
206,dulu kecil gua pikir resin main giat paling lelah kmaren gua pikir resin file foto footage giat paling lelah malem saya baru ngerasain nama benerin margin satu kejut hidup,0
207,jangan pernah kamu rasa lelah jalan hidup semangat bangkit lari bukti,0
208,jangan lelah juang kita punya banyak sekali potensi mampu untuk hidup bukan dar balas kasihan,0
209,lelah iya gak papa nama hidup penting gak henti harap usaha,0
210,terimakasih udah juang lelah selamat atas semua capai udah raih inget jangan terlalu cepet bangga mimpi banyak you deserve this damn whole world ayo terus lanjutin hidup bahagia makasih udh bikin usaha gua belakang sia,0
211,dalam hidup kamu rasa lelah kecewa tahu saat kamu tengah ajar sungguh,0
212,samaa nder malah udah turun gabisa naik terkadang aku lelah bilang tengkorak hidup,0
213,ajar tak pernah henti kerja tak pernah lelah karena hidup sungguh selalu putar yang tak siap gilas zaman,0
214,kamu melewatinnya nder semua bisa kok jangan lelah sama dunia lelah sama semua jangan lelah sama hidup kamu sendiri kalau memang self harm lampias beban hidup jangan ikan orang apalagi ayah kamu luka hati,0
215,gue lelah deh rey main hidup,0
216,lelah hati lelah bayang aku jengah hidup sama kenang kau ingat entah pelangipuisi,0
217,mangkanya motto hidup gua tadi mainstream banget ubah jadi jika lelah istirahat tapi jangan serah apalagi henti tengah tengah,0
218,hidup penuh juang bukan hidup tidak tantang saat mulai lelah ngantuk saat ngupi,0
219,hidup memang tak mudah jika kamu terus juang lelah akhir indah selalu tunggu tuk kamu sapa,0
220,mau ngeluh lelah gimana nama hidup masa mau neng mulu,0
221,tuduh tampang pki tampang opm tampang teroris tampang kriminal tampang koruptor wajar berat marah tapi bilang tampang tempat tinggal lalu singgung mungkin terlalu lelah jalan hidup rasa wajib piknik itu aja sih,0
222,karna rasa lelah pikir hadap realita hidup resah khawatir hilang dgn upaya ibadah syukur,0
223,jangan pernah lelah semua karena hidup jalan bukan lari,0
224,tahu agnes rokok rasa lelah hidup,0
225,lelah pasti hidup dunia nyata bukan mimpi jika kita lelah apa buat,0
226,jika kamu letih lelah kecewa hidup sabar karna ini awal ubah utk jadi orang menang,0
227,hidup memang tak mudah jika kamu terus juang lelah akhir indah selalu tunggu kamu sapa,0
228,lelah manusiawi bukan buah alas lelah kita hidup terus gerak berfikir,0
229,salah satu kerdil kejam hidup biar pikir cemerlang jadi budak tubuh malas dahulu istirahat lelah,0
230,tani tak kenal lelah kerja hasil tak sberapa mereka fikirkan makan layak hidup sehat khusus anak,0
231,tatap aku kita pisah saat aku terlalu lelah mimpi tatap akan hidup dalam hati,0
232,kamu hidup bukan saat percaya banyak cinta kelak untuk juang lelah hari biar tubuh sandar hingga malam panjang kau tak sendiri,0
233,tidak pantas rasa mau keluh lelah bosan butuh hibur kuliah masih rajin bolos hidup boros bagaimana ayah tau hidup seperti lelah balas kecewa,0
234,dalam hidup kamu rasa lelah kecewa tahu saat kamu tengah ajar sungguh,0
235,hidup lelah hidup hidup terlalu pikir kata orang jadi diri sendiri,0
236,gagal jadi mahasiswa ente tadi nyindir terus capres gagal ada faktor nya rasa kekang asik hobi salah jurus paling bobot nya masalah keluarga akhir lelah jalan hidup,0
237,jika kamu lelah jalan hidup istirahat lalu lihat anugerah indah tuhan ikan hidup indonesiamaju,0
238,tunggu tunggu kata lelah sama dunia capek sama dunia tapi bilang kiamat dah deket gamau tapi capek kan kalo kiamat udah capek udah syukur kasih hidup tinggal jalan aja susah ngeluh terus padahal banyak org hidup susah,0
239,bukan lelah ada saat hidup kamu beri waktu lebih erti diri sendiri ajar terima bahagia pamulang viktor,0
240,jadi pribadi apa ada hingga tdk perlu lelah sandiwara trkdg bukan hidup sulit sulit hidup,0
241,ngopi bareng yuk mas mba hayati lelah ngadepin begini tanya mana pki aksi gak jawab jawab malah mana malah nanya umur segala suruh baca buku bangga anak pki coba hidup berat yak jahahahha,0
242,tidak bosen cape lelah letih siklus hidup begini terus tidak mau ubah emang,0
243,banyak perlu korban lelah mampu jadi pertanggungjawaban atas hidup telah guna jangan lelah tebar baik masih muda habis jatah gagal ikan totalitas kontribusi baik istirahat saja waktu surga,0
244,arti bukan sekadar lahir rangkak suap jalan besar lalu mati namun layak mampu beri hidup hidup terus iring waktu semangat karya tiada lelah nikmat jalan waktu selalu semangat jemput asa,0
245,untuk kamu lelah hidup pikir juang orangtua buat hidup sekarang,0
246,puisi buat almarhum ayah tak kenal lelah engkau kerja tak kenal lelah engkau manja tak kenal lelah antar sekolah tak kenal lelah engkau cinta ayah aku rindu aku rindu aku rindu ayah engkau selalu doa ayah moga tenang alam sana amin,0
247,jangan lelah hitung berkah rezeki kamu tiap hari karena kamu rasa lelah hidup kamu sadar betapa kamu jalan ini jaaaauuuuuhhh lebih baik orang kurang untung sekitar thepowerofgrattitude,0
248,saat kamu lelah tuhan bangkit semangat kamu rasa susah dia cukup segala untuk kamu jauh dari dia sentiasa dekat itu lah dia cipta semua sedang kamu tanya masalah hidup dia pun beri jawapan,0
249,coba deh sekali kalian hari keliling lihat jalan lalu lama banyak emis pulung tkng parkir kuli pasar tukang becak jual grobak dorong jual pikul sales bawa brg tas jalan kaki amen trus apa msh blg hidup lelah,0
250,kakek tahun nekat akhir hidup cara gantung diri rasa bosan hidup jadi rupa ulang supardi warga desa tulungrejo camat ngantang temu tewas,0
251,kemdikbud jadi anak smp malah banyak depresi pilih akhir hidup sendiri nyata negara bunuh baru paham saya,0
252,banyak akhir hidup nabrakin kereta deket gedebage,0
253,moga agni tetep tough and brave dlm jalan hidup pasti pikir akhir hidup been there done that pikir ttp cegah bisa rely something dlm ini aku ngandelin doa mgkn tiap org beda moga temu kuat,0
254,orang pria desa datah nekat akhir hidup dengan cara gantung diri dpsviral denpasarviral orang pria inisial ins alias asal desa kesimpar abang karangasem,0
255,kakek tahun tewas usai terjun lantai tiga rumah deret solo duga nekat akhir hidup putus asa atas sakit,0
256,jangan akhir hidup bukan sesal kemudi hari,0
257,selamat pagi nder udah pagi nih udah ganti hari ayo istirahat rebah kasur jgn ambil putus akhir hidup kamu inget kata sesal datang akhir masalah hidup mati sesal engga ujung,0
258,terus jadi blkgn jebul lihat sambat galau tiap saat nyata lebih kuat dripada selalu diam tiba ingin akhir hidup tidak sambat luap masalah cerita entah dgn teman bahkan medsos,0
259,ingat pasti kan segera akhir hidup kapan kau akhir ingat mati ingat bagaimana rasa biasa atau tak peduli akan esok kau,0
260,mungkin satu tahun aku akhir hidup tinggal atau mulai hidup baru meni atau begini begini aja,0
261,kalau kata sang buddha lepas ikat sesuatu orang akhir sengsara hidup jadi bisa hidup sederhana tweet pandang orang thdp hmm get over and keep moving forward your life bro,0
262,gimana rasa ngeliat bias satu frame seperti suruh akhir hidup cepat,0
263,hmm jadi ada org depresi bilang mau akhir hidup harus bener peka concern yah nice info noted kirain cuma caper drama ngancem aja utk ego,0
264,bosen jangan jadi alas akhir suatu hubung dra kurang rangin deh dra kali aja hidup jadi berkah ngetik apa sih abai aja dra suka gaje aku mah,0
265,jadi baca replyan gustika bilang mau akhir hidup jarang sih nemu orang bilang ken slese far hidup orang,0
266,abis main main salah satu forum kaskus simpul saya malam makin banyak kasus akhir hidup kalang anak muda why why tampak problem mental health and depression makin banyak sudah waktu buat gaes,0
267,memang semua orang penting tpi orang penting orang akhir hidup diri sendiri apa dialakuin dunia hasil mati nyusahin orang kan mending ush hidup sama sekali,0
268,masih org harus kamu bahagiain contoh ortu diri kamu sendiri akhir hidup kamu bukan jalan tepat buat ngehindarin masalah kamu punya aku pernah titik kamu sendiri mas byk syg sama kamu luar sana tetap semangat,0
269,inget orang tua inget orang syg sama kamu hidup cuma jalan pendek panjang saat sdh mati jgn berfikir buat akhir hidup hnya krn kmu ada titik rendah buat kamu fighting msh bnyk syng sama kamu coba ubah cara pandang,0
270,innalillahi inna ilaihi roji dagang ayam potong medan nama ahmad juarsa nekad akhir hidup lilit hutang,0
271,apa kamu rela akhir hidup kamu omong orang darling orang udah alam kubur aja minta dihidupin loh semangaattt,0
272,bagi jeremy lebih buah game untuk ketika banyak jadi hidup asa berat game salah satu cara bagi tahan saat dia akhir musim kompetisi cedera lutut tahun lalu esportsid dota jeremylin,0
273,ada tahu kapan mati mati rasa dekat baik akhir akhir hidup doa turbulensi meureun mereka kondisi,0
274,jangan dong jangan mikir mau akhir hidup kamu kuat samyang kuuu,0
275,bunuh diri bukan akhir segala nder cara selesai masalah bukan cara akhir hidup selesain baik baik cari tau apa sebab mamah kamu sampe manggil kamu kayak gitu trs rubah dikit dikit kamu semangat usaha sama doa dibanyakin,0
276,telah kmu akhir hidup kmu emg kmu kira bakal enak,0
277,korban frustasi sakit diabetes militus kencing manis nekat akhir hidup depan emper dapur rumah milik,0
278,paling sakit dengar orang dekat ingin akhir hidup karena hidup,0
279,jika akhir cinta true love punah jika telah temu hidup pilih masing masing true love maksud bener bener jadi debu tak lihat tak perlu ingat,0
280,bagai tulis saya punya wajib akhir kisah sakti gak mau sakti nasib gak jelas kemudian jahat saya ganti character mulai hidup baru jadi sakti saya usaha maksimal mungkin ending baik untuk,0
281,hiii masalah apa lagi kmu hadapin ada jalan keluar semua emosi gabung jadi satu kmu kalut akhir hidup bukan solusi nya ambil sedikit waktu sendiri syukur buat kecil lihat sudut pandang lain,0
282,aku ingin sama lama terus sama dan terus kelak akhir hidup tetap jadi sayang,0
283,yang paling penting tanya diri sendiri emg kalo akhir hidup amal ibadah lama udh cukup,0
284,krt buat kalian lagi ngerasa sedih putus asa lelah sama hidup pls jangan nyerah sampe ken akhir hidup ingat kubur gaada bias kubur gabisa fangirling fanboying hehehe love you,0
285,lady gaga tulis esai gugah sehat jiwa ingin akhir hidup,0
286,bilangin nanya gugurin dulu ingin ego manusia akhir hidup manusia,0
287,rupiah bukan jalan keluar akhir hidup tentang maha kuasa jiwa kejar bahagia tinggal raga batang kara,0
288,tinggal lelaki pukul berat orang ibu apalagi tinggal cara tidak ingin alas kuat anak akhir hidup karena tak tega,0
289,aku suka bingung kalau teman cerita sulit hidup akhir aku udah kuat tendensi main main akhir hidup ada bisa ngasih saran baik tanggap apa,0
290,kanye west kata aku tak berpikran akhir hidup ada banyak orang tak punya sempat suara dengar aku laku utk mereka,0
291,jogja mahasiswi bunuh diri gara gara diputusin pacar sad really sad nggak tau gimana akal pikir pilih akhir hidup karena sepele,0
292,beberapa menit aku akhir jalan hidup usia lama dan saat akan pasuk usia baru tanpa sadar angka depan ubah tuntut lebih bertanggungjawab,0
293,sopir ini akhir hidup gantung diri,0
294,akutu sering stress untung stress nya cuma sambat doang gtlo maksud gada sampe ingin akhir hidup alias suicide alhamdulillah akutu penasaran aja gtlo besok bakal kerja apa nikah punya anak brp kek gmn ttp motivasi hidup,0
295,kalo pikir buat akhir hidup auto mikir tuhan juga mikir kalo mati sekarang emang amal gue udah cukup buat akhirat kelak aneh sih itu bikin niat bundir gue musnah,0
296,karena bunuh diri selesai masalah kamu punya itu tuhan beri kamu nafas kamu hidup kamu tidak punya hak henti paksa apa kamu hadap selesai masalah lebih indah drpd akhir hidup semangat,0
297,sedih lebih khawatir saya mau kamu kenapa lebih baik saya tahu kamu tuntun orang baru kamu baik baik banding kan saya tau kamu pilih akhir hidup lebih sedih lupa,0
298,bahkan orang punya pengaruh besar hidup orang pilih akhir hidup karna masalah pribadi,0
299,main piano lalu pesan kopi ong kumpul karyawan jelang temu akhir hidup sama istri dan dua anak,0
300,semangat hal manfaat untuk minta tolong allah jangan malas patah semangat muslim assalamu alaikum warahmatullahi wabarrokatuh semangaaat,0
301,aku patah semangat aku cari orang ada pikir kau muncul dipikranku city hunter,0
302,semangat eve jkt mungkin coba tuhan kamu ingin gapai mimpi aku yakin kamu ngelewati jangan patah semangat badgirl keep strong badgirl,0
303,ngomongin cinta patah hati patah semangat,0
304,good night eve selamat tidur semangat terus jangan pernah patah semangat percaya semua tuhan yesus selalu jalan keluar,0
305,tetep semangat eve fans selalu dukung jgn patah semangat badgirls eve jkt,0
306,hai kak jangan patah semangat kak jika kamu dapat ikut promo flashsale sempat lanjut kak terima kasih,0
307,semangat terus ayok jan patah semangat yeh gbu,0
308,iya gapapa ajar jangan patah semangat masa depan kamu panjang,0
309,kenapa sih dulu dek semangat dek jangan patah semangat,0
310,berangkat semangat gugur dengan bangga kepala tegak kecewa jangan patah semangat salam superrr,0
311,ingat hati gembira obat semangat patah ering tulang,0
312,jangan pernah patah semangat sayang della jkt,0
313,saya patah semangat tiap usaha salah satu langkah maju thomas alfa edison,0
314,hai sender aku tau bener bener bikin lelah please semangat nanti lelah datang tolong coba jamin mata tarik nafas coba pikir hal bikin kamu semangat sini exo exol buat kamu jadi jangan patah harap,0
315,maaf aku gabisa ngasih saran apa apa minta kamu selalu kuat jangan patah semangat yaa banyak jalan tuju roma,0
316,emang kalo nglakuin gak tengah tengah pas neng aja dari awal belum trouble hingga banyak trouble harus survive gak langsung patah semangat,0
317,semangat sayang moga dapet usaha baik jangan patah semangat,0
318,semangat nder jangan patah semangat yaaaa kamu bisa ngelewatin semua,0
319,haloo pinaa masalah apa semangatt ngadepin segala masalah gaboleh patah semangat,0
320,mungkin tinggal selang bahkan lebih dekat apa sudah juang sampai titik tepat jangan hanya karena hal belum dapat bukan arti patah semangat,0
321,jangan patah semangat deh bersamapilih,0
322,jangan ragu donor darah sama jangan patah semangat bila belum donordarah sekarang fakta bfojogja,0
323,waaaaah akhir selamat pak topo moga makin sehat pak jangan patah semangat buat bagi informasi,0
324,meski hilang satu kaki putu sri wikana tak patah semangat bisa kompetisi dunia kerja sbg akuntan dgn dukung dnetworknews putu salah satu byj kisah sukses ingin bagi lewat video kampanye dana konjen,0
325,allah sungguh besar tuhan engkau beri jalan kuat org patah semangat mau usaha,0
326,semua jalan keluar kalo mau nyari jgn patah semangat,0
327,semangat nder jangan patah semangatt kalau mau sama dia kejar terus kalau gak mau yaudah lepas nder kamu butuh bahagia,0
328,manusia lemah kurang masing masing jangan jadi kan kurang bagai alas anda patah semangat,0
329,banyak gagal banyak ajar tapi coba coba terus jangan patah semangat,0
330,jangan patah semangat bisa coba,0
331,jangan patah semangat,0
332,jangan patah semangat lanjut juang kobarkansemangatgaruda kemenanganitudekat,0
333,hai aku terimakasih sabar segala beban pikul semangat dunia bukan cuman aku luka jadi jangan patah semangat ingat banyak orang ingin kamu tetap diri tegak aku kuat aku percaya,0
334,hai kak terima kasih atas partisipasi kamu sesi goyang shopee jika kamu belum hasil dapat banyak koin shopee jangan patah semangat kak kamu goyang terus kamu,0
335,jangan patah semangat keluarga hancur bukan arti hidup hancur hadap dgn senyum prestasi,0
336,kau kena kuat pik jangan sekal patah semangat allah uji dia tau kau mampu percaya takdir allah inshaallah yang baik allah bagi aku sentiasa doa kau pik sihat macam dulu amin,0
337,hai perempuan selalu ingin lihat kuat tak ingin repot orang selamat atas kerja baik lama kau laku apa kau jangan patah semangat,0
338,hallo kamu usaha kuat jatuh jatuh kamu semua lewat kamu perlu berani lewat semua jangan patah semangat aku tau kamu bisa aku,0
339,good job today myself you did your best makasih tidak patah semangat makasih untuk selalu usaha walaupun kamu lelah you awesome next time banyakkin senyum jangan lupa utk selalu positive,0
340,ayo semangat dibolehin main musik suatu anugrah kak jangan patah semangat kaka bisa,0
341,selalu harap tiap gagal jangan patah semangat tetap usaha bismillah,0
342,mau mau anggur saing cari kerja angkat kerja baru segar segar tiap tahun hehehe tapi jangan patah semangat bisaa tambah lapang kerja baru serap juta orang dalam tahun,0
343,oke bapake jangan engkau patah semangat terus lang maju masa depan lebih baik salam olahraga,0
344,sesuatu nila tinggi sering perlu juang tinggi untuk gapai tapi jangan patah semangat,0
345,selamat siang indonesia jangan patah semangat kobar jiwa kobar dada pemuda pemuda indonesia,0
346,kurang fisik tidak buat suyitno patah semangat bantu sukses tmmd,0
347,selamat lolos tetap semangat juang masih tahap lanjut kalian lalu bagi yang belum lolos jangan patah semangat,0
348,kalo kata kakak terus cari patah semangat,0
349,jangan mudah patah semangat coba sulit karena lewat bahagia begitu makna,0
350,itu nyata kisah arti sekali buat pelajrn hidup saya sendiri ajar saya kenal segala rasa bahkn jenuh bosan putus asa hingga lupa tlah luak diri sendiri lupa hidup bukan kuasa kita tapi dia esa pelajran segala rasa,0
351,mungkin akhir macam yang aku lihat sekarang orang orang putus asa ingin coba bebas tindas tindas akhir ikut mati bawa arus layang layang udara aku bakal gitu tapi sisa benar benar sampah,0
352,sedih baca meski kenal angga depresi sakit sama sakit beda serang jiwa bukan tubuh diam curi semangat renggut percaya diri asa sendiri putus asa sulit atas saya yakin kamu teman baik,0
353,berat apa masalah lebih baik terus usaha hanya bicara lebih baik terus harap putus asa online,0
354,terbang setinggi mampu kibar sayap gembira hidup jangan putus asa assalamualaikum awak,0
355,raga landa duka hari hari asa gelap gulita kembali segala sang cipta kamu sendiri hidup dunia percaya dia selalu hamba nya hamba selalu berdo minta jangan putus asa bangkt skrng puruk slamanya,0
356,walaupun pernah putus asa hidup alhamdulillah beri kuat hingga sekarang from beraniberhijrah terimakasih allah atas kuat,0
357,mereka mimpi hancur harap mereka tak sesuai rencana putus asa jadi nyata dan ikhlas tak mau hirau apa jadi lanjut kembali serah diri allah swt,0
358,harap lebih baik putus asa,0
359,jangan putus asa timnas indonesia kobarkansemangatgaruda kemenanganitudekat,0
360,daun jatuh tak pernah salah angin kenapa manusia putus asa selalu salah takdir,0
361,lembut baik bukan tanda tanda lemah putus asa adalah jelma buah kuat,0
362,gagal masalah kecil putus asa masalah besar,0
363,jangan putus asa masalah tak reda segala pasti akhir terus usaha semua indah waktu,0
364,jangan putus asa walaupun tinggal kejar balik dapat jaya itu manchester united jadi jangan putus asa,0
365,tuhan selalu dengar jangan pernah putus asa usaha,0
366,tegas diri sendiri buang pikir negatif laku baik gelisah milik mereka putus asa,0
367,serta outbound dapat ajar penting milik jiwa tidak kenal putus asa outbound,0
368,tuhan tidak ikan coba lebih mampu ketika putus asa ingat tuhan beri pada dia bantu lewat,0
369,derita jiwa arah keburu putus asa sumber sesat gelap hati pangkal derita jiwa bediuzzaman said nursi,0
370,dalam duka ada suka jangan serah dengan putus asa tidak lebih cundang,0
371,ketika mimpi belum wujud jangan putus asa petik ajar tiap gagal usaha lebih keras doa,0
372,jangan putus asa karena segala tak jalan sesuai rencana masalah jadi pribadi lebih kuat bijaksana,0
373,aries pribadi cinta damai juga mudah putus asa,0
374,jangan putus asa masalah ada solusi jika kau tak lihat mohon kepada dia akan tunjuk jalan,0
375,optimis jangan putus asa jangan serah kalah usaha selalu baik sangka tuhan tunggu segala baik indah akan segera dia ikan,0
376,putus asa buka peluang orang ambil sukses anda,0
377,kamu putus asa sabar bahagia tunggu,0
378,pantang serah sifat alami latih hadap situasi sulit putus asa gagal latih sifat tadi,0
379,rasa putus asa bukan musibah rupa pilih,0
380,putus asa buta pikir lihat jalan keluar masih tebar mana,0
381,apa lapor polisi kan kriminal moga korban ikan ikhlas kuat sabar penting jangan putus asa segala tulis sejak zaman azali dulu,0
382,dalam segala harap lebih baik putus asa,0
383,ketika hasil tunda jangan putus asa segera bangkit kata aku dan tak pernah serah,0
384,derita jiwa arah keburu putus asa sumber sesat gelap hati pangkal derita jiwa,0
385,surian jangan pernah kalah jangan pernah putus asa boleh terus kawal emosi jangan menang,0
386,anda kecewa jangan putus asa anda kecil hati jangan putus harap yakin semua jadi baik waktu,0
387,jika putus asa jangan paksa terus gerak paksa hati pikir untuk temu tuju baru,0
388,jangan mudah jadi kecewa putus asa tekan bila segala hal jalan kau ingin harap terus usaha jangan terlalu mudah serah siapa tahu lama engkau dapat apa kau ingin selamat malam,0
389,kadang hal yang harus terima tidak pernah putus asa,0
390,terus usaha jangan cepat putus asa boss,0
391,jangan putus asa jokowilagi,0
392,bikin putus asa tau rasa hasil sama kaya cinta patah hati tau bahagia cinta,0
393,tak kenal putus asa ciri sukses,0
394,jangan pernah putus asa sempat selalu lama yakin usaha,0
395,jadi orangtuamu semangat jika kau ingin putus asa ingat senyum dua,0
396,jangan putus asa tetapi kalau sampai ada ada putus asa juang terus meski ada putus asa,0
397,berat apa masalah lebih baik terus usaha hanya bicara lebih baik terus harap putus asa online,0
398,jangan mudah putus asa pasang suami istri karena batas dia milik niat meni untuk lama jadi pasang hidup dunia akhirat surga kelak khalid basalamah jelas kaji singkat silah klik link,0
399,jangan putus asa masalah tak reda segala pasti akhir terus usaha semua indah waktu,0
400,mana bisa keluh kesah urus ktp tak selesai min dah depresi saya dgn semua,0
401,saya suka koleksi meme kategori depresi,0
402,saya gak pojok laku bilang mampus depresi please dont,0
403,gin dong prof kan kurang depresi saya,0
404,nama terang lihat lah abah lama lama saya depresi nih abah,0
405,untuk saya banyak masalah depresi memang timbul terlalu keras sama diri sendiri lupa sayang diri sendiri bikin mereka sayang sama diri sendiri sih jangan bikin terlalu gantung,0
406,dan nyata orang orang kena depresi kaya film film gengs film kan liat kaya messy and crazy people gitu but real life mereka nyaru banget nunjukin mereka sedang ganggu mental mau tau cerita masing masing circle saya,0
407,ada intimidasi lapor itu buat saya sempat depresi korban ite anindya shabrina matanajwahukumansalahalamat,0
408,wah kalau depresi gak saya kurang tau nder mungkin kamu ngerasa tekan punya beban gak bagi makanya gitu gak tau mau ngapain gin salah gitu salah coba kamu banyak dekat diri sama tuhan ceritain keluh kesah sih saya aja semangat,0
409,pada akhir buat saya teman depresi harus pantau beneran dukung buat mereka hadap depresi dan jangan lupa selalu jadi orang mau erti bukan sok erti ehehehe pandang masalah bagai sudut pandang,0
410,tapi rasa mati satu nya jalan buat akhir pikir ramai mereka maaf kalau saya salah sekali saya tangkap suicidal mantik orang depresi lain loh jadi bisa mungkin jangan kabar orang bunuh diri dekat mereka,0
411,saya cuma selalu dukung dia buat dia nyaman coba erti apa dia butuh apa sebenernya dia rasain lama lama saya sadar ketika orang depresi tidak butuh suruh syukur untung gitu cuma butuh,0
412,depresi saya sekali turut saya adalah bentuk masalah hubung diri sendiri makanya banyak orang mikir orang depresi kebanyakn kurang syukur sepele santoso,0
413,sejak thun kakek saya minum alparozolam tinggal kakak saya kata dokter kakek stress hingga depresi hingga saya sekolah sehat sya rajin brtnya sma dosen farmako katamya alparo bukn obt antidepresian tpi lebih obat tidur ddlmnya zat trkndung,0
414,saya bayang orang orang suka ngepost mental health depresi sebenernya mereka benar benar periksa dokter psikiater mereka galau tekan mendiagnosa diri sendiri,0
415,wah sayang sekali mba betul memang fokus yogya dulu namun mbak ingin sharing kait depresi lain feel free chat saya mbak saya terimakasih sekali atas niat baik mbak yang ingin bantu,0
416,saya lebih suka twitter mau sambat sampe tengah modyar peduli yang nyinyir yang bilang depresi soal yang lain pada sambat,0
417,ailsa sangat depresi ingin rasa dia mati sadar boleh egois ada hidup perut bisa menang panjang malam mata bengkak besar buah dukuh,0
418,saya masalah tidur malam ada saya depresi,0
419,belum dengar black pink saya saran tidur jam malam engga depresi sis,0
420,yang paling bahaya dia tak percaya siapa ingin cerita resiko gila paling keri bunuh diri beberapa kali saya pernah lihat langsung orang orang sedang depresi mereka butuh apa apa hanya ingin tani,0
421,please stop making someone unhappy saya liat bgt betapa adek saya depresi alas itu kan dia ganggu kamu ndeeer,0
422,apakah saya depresi kenal gejala depresi alami semua orang pandang jenis kelamin status sosial terkadang depresi muncul keluar,0
423,saran saya yang rasa ini usaha psikolog tahu pasti kalian alami depresi tidak,0
424,saya kira kemarin malam saya depresi nyata sindrom minggu malam,0
425,dia beneran jauh sosmed dulu makin lama hujat makin gamasuk akal makin lama jawab dia makin ngelantur saya netijen kasi takut dia depresi ken ngehujat karena jawab dia gaada bobot sama sekali,0
426,jadi saya depresi memang jadi siapa tapi saya percay iman orang kadar iman baik tolong orang jauh faktor resiko arah depresi kalau depresi tentu treatment khusus,0
427,kalau semua orang dunia tiba tiba alami depresi saya kira seluruh peperangan henti dunia jadi kalem orang mati bundir,0
428,yuk ajar saling paham stop hakim biar ada depresi biar semua orang rasa bahagia salam saya orang pernah cita cita jadi dokter jiwa,0
429,saya kira saya depresi nyata memang saya normal,0
430,kalo teman belenggu depresi jangan yaelah dengar bantu saya syukur lepas punya lingkung bisa tolong saya lepas tapi semua untung saya bantu,0
431,walah kayak depresi rupiah faktor internal dlm negeri aja sih bro kok lari sana soal mohon maaf ahok saya nyata beliau soal janji pada sana blio pasti tdk lagi kontroversi ideologi sudah labih mhn maaf ahok,0
432,semenjak bulan jepang saya jadi ngerti orang sini stress kerja bunuh diri depresi halaah dah tidur besok sekolah kerja,0
433,barusan aja dia depresi kita saling diskusi problem masing dan nyata problem dia emang kompleks aku coba beri masuk log mungkin baik dekat umum religius dia gak tuju dia nuduh saya gak peduli gak peka dia,0
434,saya tau anda depresi tapi bukan arti jadi alas anda bebas salah kan orang yang coba bantu anda kalo masuk saya kasih anda gak bantu gpp cuman jgn nuduh saya gak peduli issue anda alami pantes urip ruwet,0
435,takut depresi bismillah saya prabowo sukses tdk jadi presiden batas capres capres kekal abadi kasi ahmaddhaniprast,0
436,kereta kuping denger ibu curhat iyah anak saya depresi dinasihatin bingung bagaimana trus liat berita rapper tinggal usia trus liat berita anak usia tahun depresi bunuh diri sehat mental serius dibutuhin banget,0
437,untung saya sampai depresi,0
438,temen saya gantung diri depresi skripsi,0
439,makanya saya usaha realistis saya prediksi pilih calon kriteria resiko depresi lebih rendah kalau pilpres kalah,0
440,diet depresi berita sehat cantik diet depresi baru minggu saya lihat tiga pasien depresi butuh awat pilih obat terma,0
441,mulai konsumsi minyak ikan hari niat utk kurang rasa sakit patellar ligament saya telah cari tahu nyata banyak kasiatnya salah satu turun depresi cemas,0
442,karena saya kunci bangkit depresi mau individu tsb support orang dekat dua kait mutlak perlu ada support gak mau percuma ada mau minim support bakal down jadi faktor dua butuh,0
443,yang jelas indonesia saya rasa awareness soal isu depresi sangat minim dan gak jarang temu msh cukup banyak orang bahkan anggap remeh isu orang depresi gak jarang malah label mental tempe gampang sensitif cundang kecut,0
444,thread part saya coba sampai opini pandang saya umum ttg isu depresi alternatif solusi saya tawar nama opini seringkali subjektif dalam arti apa saya laku jadi efektif buat bisa,0
445,lalu gimana cara hadap depresi rujuk situs milik nhs ikut jelas david richards profesor bidang riset layan mental health saya lampir link lengkap krna beberapa poin solusi situ jelas lebih detil,0
446,seperti saya tulis thread belum nanti thread akan bagi dua bagi rujuk pandang dapat pakar bidang kait isu depresi opini pribadi saya dlm pandang isu depresi bagaimana alternatif solusi saya ikan,0
447,rasa kalo dunia sangat pusing tapi lantas buat saya depresi lalu bunuh diri tidak hanya kepala saya pusing bom makan satu hari,0
448,waaah saya hamil nih dok tips hindar depresi sebut pasca lahir,0
449,pernah sekalipun sampe depresi stress punya pikir bunuh diri still have god saya pernah sendiri miris lihat mental anak jaman sekarang kadang saya berfikir apa sih sebab mereka itu lalu saya banding jaman dulu jaman sekarang,0
450,selamat malam dunia selamat tinggal welcome dream world,0
451,selamat datang dunia jobseeker resign lalu tinggal pupuk semangat,0
452,klo besok seri selamat tinggal dunia supporter,0
453,dari sekian banyak galactico huni real madrid catat dan ceballos ton kroos yang ucap selamat tinggal julen lopetegui untuk ton kejut dia ucap,0
454,selamat tinggal dunia aku sanggup rasa lelah antuk sekali aku mau tidur dulu,0
455,oke siapppp selamat tinggal dunia rojey wkwk,0
456,selamat tinggal dunia pubg penuh aku sial,0
457,selamat tinggal majalah mastika kami doa moga mastika dunia suatu hari dengan wajah lebih segar kupas lebih mantap isi terus relevan mencakna masyarakat tuju,0
458,hasil piala dunia perancis menang selamat tinggal argentina,0
459,sudah bisa kata kata selamat tinggal dunia aku sedang ada smtown wonderland,0
460,duhai tuhan jangan kau jadi dunia bagai risau besar jadi dunia ladang pahala kami aamiin selamat malam selamat tinggal tragedi oktober,0
461,tidur selamat tinggal dunia,0
462,tinggal tunggu online mobile selamat tinggal dunia nyata,0
463,selamat datang dunia penuh pancaroba selamat tinggal era penuh riang,0
464,pisah tnp kata org dekat anggap hebat memang tinggal sayat saja akhir temu org hebat sejati selalu ingat akan ada nya selamat tinggal org hebat versi dunia selamat datang org hebat sungguh,0
465,gila lemah gue sayang cinta huhuhu dia udah baik hati ganteng banget back dark hair lagi lemah selamat tinggal dunia selamat tinggal parkyeonxi,0
466,tiap ada dunia ada jangka hayat gembira bahagia sedih kecewa begitu manusia bila ajal selamat tinggal dunia tiada kekal harga syukur nikmat hidup singkat,0
467,selamat tinggal dunia kampus selamat datang medan perang hidup,0
468,selamat tinggal piala dunia polandia semangat garudamuda,0
469,selamat tinggal piala dunia lain waktu pasti terima kasih garuda muda juang buat bangga bangga tetap dukung,0
470,selamat tinggal piala dunia,0
471,priitt buyar nippon indonesia untuk dua kali ucap selamat tinggal piala dunia ampun timnasday afcu,0
472,selamat tinggal piala dunia timnasday garudamuda,0
473,selamat tinggal piala dunia,0
474,kamu nutup mata selamat tinggal dunia selamat tinggal seungwoo agh sakit tiba teriak itu suara yura kamu buka mata liat kalau cowo tiba datang entah darimana nyengkram gelang tangan yura megangin stun gun,0
475,selamat tinggal teman selamat tempuh neraka dunia baru lebih sulit,0
476,perih kadang pake cuci tangan pake sabun duh ilah selamat tinggal dunia,0
477,dah lah semua bodo aku sama proposal bengkalai tak sentuh dah antuk selamat tinggal dunia,0
478,okay okay selamat tinggal dunia luar,0
479,selamat tinggal dunia bola,0
480,kuota habis lenyap tak bebekas selamat tinggal dunia maya,0
481,selamat tinggal dunia twitter,0
482,tuju mas madi suka merah putih usah tinggal indonesia suka bendera tauhid usah tinggal dunia tapi akhirat punya trus sampeyan mau tinggal selamat hari santri,0
483,selamat tinggal dunia maya,0
484,daredevil season netflix selamat tinggal dunia for the next hours,0
485,besok jepang dong selamat tinggal dunia,0
486,rusak total internet mati laptop dipake mama selamat tinggal dunia maya,0
487,selamat tinggal piala dunia tidak pernah lolos piala dunia kalo ketua federasi nya aja ajar bahasa inggris coach latih bacot anjing,0
488,selamat tinggal piala dunia,0
489,ucap selamat tinggal piala dunia,0
490,selamat tinggal piala dunia indonesia,0
491,sekarang otw tidur selamat tinggal dunia,0
492,piala dunia selamat tinggal lionel messi cristiano ronaldo,0
493,selamat tinggal dunia pertwitteran aku akn tinggal lama hampir minggu ripsinyal,0
494,tenang sana aku harap kamu temu keluarga baru atas sana selamat tinggal dunia semua sayang kamu,0
495,selamat tinggal utara selesai satu embara pulang dunia nyata,0
496,selamat tinggal dunia fana jumpa minggu,0
497,selamat tinggal kamu sana pakai toga dunia sambut moga kamu kelak bahagia aku sang kirim doa untuk,0
498,mata mulai lelah rengek ingin pejam seperti susul masha sang buah hati sudah lelap tengah embara dunia mimpi saat ucap selamat tinggal bukan lama dunia goodnight,0
499,baru lepas reinstall netflix selamat tinggal dunia luar,0
500,aku udah bosan hidup sini kamu,1
501,bosan siaa hidup aku sekarang,1
502,hidup dah cukup bosan,1
503,bosan hidup,1
504,bosan betul hidup,1
505,bosan lah hidup,1
506,bosan hidup,1
507,aku dah bosan hidup aku,1
508,hidup aku bosan benar aku dah bosan dgn hidup aku,1
509,bosan sial hidup,1
510,aku sumpah bosan hidup camni,1
511,hidup bosan bosan hidup,1
512,dah bosan sangat hidup,1
513,dah rasa bosan hidup macam nana hahaha,1
514,bosan nye hidup aku haha,1
515,bosan lah hidup mcm,1
516,bosan hidup,1
517,bosan sia hidup,1
518,bosan lah hidup,1
519,aku bosan dngn hidup aku sendri,1
520,bosan sial hidup aku hshshhshsh,1
521,bosan betul hidup aku,1
522,kenapa lah bosan sangat hidup saya,1
523,dah bosan hidup macam,1
524,bosan hidup,1
525,hidup memang bosan,1
526,bosan hidup ini wkwkk,1
527,sudah bosan hidup,1
528,sumpah bosan begini begini terus hidup kayak semangat,1
529,bosan lah hidup taapi kalau mati dosa dah banyakkk teya,1
530,tekan titik bosan hidup,1
531,suka berfikir bosan hidup,1
532,aku dah bosan hidup,1
533,asa bosan memang hidup sprti,1
534,aku bosan hidup belum siap,1
535,rasa bosan hidup seperti aja,1
536,definisi bosan hidup,1
537,bosan hidup,1
538,bosan sangat hidup,1
539,bosan hidup anggur,1
540,aku bosan hidup aku,1
541,bosan hidup,1
542,bosan lah hidup,1
543,tlw minta semangat nya saya rasa saya bosan hidup saya rasa sendiri,1
544,bosan hidup,1
545,bosan udahan sama hidup,1
546,mati jelah hidup bosan,1
547,telah bosan hidup dunia nyata gue punya alergi plester luka,1
548,bosan hidup,1
549,bosan hidup,1
550,kadang aku tak tahu cari apa hidup bahkan biasa buat senang sekarang tidak arti saat segala jadi lebih mudah tak cucur ribu tetes keringat sisa hanya hampa,1
551,hidup ubah umur tahun semua kelam hidup asa arti apa hanya diri sendiri tau kondisi hati tak satu yang tau aku diri mampu tutup semua sedih hati sampai saat ini semua msh sprti dulu,1
552,dari sepele bisa jadi ini saya memang tuntut jadi manusia yang sempurna akan buah salah kecil arti saya tidak pantas hidup,1
553,saya mulai lupa cara gambar sempat ingin henti total saya rasa dapat apa saya harap saya ingin dunia gambar malah hidup saya tak arti mungkin dunia,1
554,cari duit cara nya jangan gitu emang takut miskin kalo tetap idealis gak jangan jual harga diri hidup arti,1
555,hidup arti impi,1
556,hidup arti,1
557,hidup arti,1
558,biasa ikut arus tantang besar manusia ingin hidup arti biasa ikut arus sempat besar manusia ingin hidup beri arti,1
559,gadai nyawa sini hidup arti tetap diri wearesog dosa,1
560,hidup arti selamat mati arti celaka,1
561,hidup punya tantang tanpa tantang hidup arti,1
562,saya depresi,1
563,saya depresi berat,1
564,konsultasi sama dosen psikolog dia bilang saya depresi sedang,1
565,saya bilang saya achieve more than you have cuma saya punya fase depresi bukan arti saya manusia daya kamu tahu saya punya fase mania saya punya banyak ide ide kreatif,1
566,jadi gin lho mas mbak hanya saya punya fase depresi bukan arti saya hidup sengsara hanya terkadang kecil buat saya overthink sedih saya perlu rasa kasihan kamu apalagi sampe bilang saya trashy achievement saya sama kamu beda,1
567,nyata saya masuk orang depresi,1
568,alami depresi sebab saya tak nafsu makan akhir kini saya jadi kalap kalo makan alhamdulillah akhir doyan makan,1
569,saya pernah masuk masa insecure sama nilai org takut salah jadi gak enak hasil malah jadi overthinking bahkan depresi pikir apa laku sampe orang sikap gitu bahkan pernah tolak perempuan dia sebel aku dikit dikit minta maaf,1
570,terima kasih semangat sangat bantu tenang saya sering depresi thanks much bts ahc idn bts twt,1
571,masalah kadang saya nang mereka mereka bingung kudu apa lha saya nang aja bingung dadak gloomy trus kalo saya bilang aku depresi mereka enteng jawab halaaaah kamu depresi apasih kek abg labil aja sedih akutuh dok,1
572,yaampun saya jadi depresi,1
573,you not alone iya saya lagi stress depresi but dear kamu gamau kan makin jadi beban buat ortu bayangin betapa sedih mereka kalau kamu gaada sama semangat yuk jangan nyerah,1
574,tutup tutup orang ttp butuh teman ngobrol tuhan selamat saya depresi,1
575,otak fisik saya mati rasa saya depresi berat jalan tatap saya kosong melongpong beberapa bulan saya kucil diri saya keluarga teman saya tiap hari keluarga saya usaha hubung saya tidak satu saya tanggap,1
576,saat lah titik rendah masa hidup saya jiwa otak saya tiap hari didih tanya sebenernya siapa saya apa saya laku saya depresi diri sendiri kerja saya amburadul bahkan saya bisa pikir laku kecil,1
577,hidup tekan mmbuat saya hanya mnyalahkan diri sendiri juga org saya maaf depresi lelah mustahil utk saya pikul sendiri,1
578,saya sih sadar depresi,1
579,saya depresi mohon cerah,1
580,saya dulu sempat depresi ada pikir buat bunuh diri saya butuhin situ bukan dar peluk apalgi cuma virtual doang saya butuh situ motivasi alas saya tetap hidup makanya saya ngasih argumen bukan asal bilang gitu aja,1
581,huft depresi saya ngurus begini doang sedih dah,1
582,kayak hidup saya depresi,1
583,the last saya malu pernah alami depresi pernah cutting pernah besit ingin bunuh diri saya malah syukur ketika saya sadar saya jadi lebih syukur hidup haripencegahanbunuhdiri,1
584,apa lebih baik saya mati kerja ndak dapat stress berat siklus haid beranta sejak lulus kuliah aku juga bisa depresi,1
585,maaf saya depresi bukan sepi,1
586,saya stress sistem ajar sekarang buat saya frustasi depresi saya ingin jadi remaja bahagia selalu saya bayang rasa depresi panjang krn sekolah kemdikbud,1
587,saya depresi,1
588,lihat tanda depresi ringan seperti saya dlm masa,1
589,saya depresi,1
590,saya depresi saya serah,1
591,stress panjang buat saya depresi,1
592,depresi saya,1
593,sabar saya pernah depresi capek hidup saya tidur aja dulu klo ngomel twt bikin kamu lega gpp silah tetap semangat moga bsk lebih baik,1
594,saya indikasi stress depresi gila,1
595,saya depresi,1
596,saya mulai bangkit depresi saya mulai hidup titik seperti saya sekarang mulai pernah percaya tuhan sekarang tuhan beri saya tunjuk dia dia peduli dia sayang umat,1
597,habis baca saya ingin sakit diri sendiri depresi hebat,1
598,saya sintas bunuh diri depresi trauma apa saya lihat beberapa hari linimasa twitter konfirmasi betapa peduli jahat bagai manusia derita orang,1
599,saya shock panik depresi gimana iki,1
600,salah salah ingin nang ingin mati,1
601,gue sering rasa sangat down dan ingin mati,1
602,saking sepi hati mulai mati tak ingin hidup,1
603,ngga mau mati aja ingin teriak harus aku sayat nadi agar dia not aku,1
604,semalem alfian ingin mati rasa,1
605,selamat pagi aku rindu peluk diri sendiri sungguh rasa ingin mati,1
606,jam aula ursula bosan ingin pulang mati sekarang,1
607,aku ingin mati allah,1
608,rasa ingin mati,1
609,rasa ingin mati aja,1
610,rasa ingin mati aja kalo aku mati siapa bakal peduli wkwk,1
611,ingin mati,1
612,rasa ingin lenyap tak pandang tancap tak arus angin rintik hujan bahkan gelombang suara apa rasa mati harap harap datang,1
613,keras apa kau usaha jika satu pedal mampu tergoes sepeda akan jatuh hanya pilih sengsara juang mati sengsara serah lalu masih kau ingin lanjut tidak kau usaha,1
614,rasa ingin mati,1
615,ingin mati takut bunuh diri krna takut dosa,1
616,rasa aku ingin mati,1
617,kalian tau gua gak suka banget sama org bilang canda kalo gtu rasa ingin beneran mati aja percuma gak harga kan hidup,1
618,ingin mati,1
619,dengar rasa sakit dua sejarah amal derita ajar akan jadi apa kadang buruk rasa ingin mati tapi tak sungguh hidup rasa sedikit mati fuck fuckoff,1
620,aku ingin lebih baik aku dulu entah segala asa lelah asa bosan serasa hampir mati namun hidup juga datang ini soal waktu,1
621,makin mati mati ingin bahagia cinta justru makin sepi,1
622,jika jadi demikian rasa nya ingin mati cepet cepet ini korban apa bodoh,1
623,depresi puruk rasa ingin mati,1
624,saya mahu mati masih ingin hidup macam mana,1
625,ingin mati,1
626,kutik depresi akhir akhir sampai benar benar ingin mati aku butuh teman,1
627,astaga ingin mati,1
628,jika ingin terima kasih aku terima kasih mati hanya cara hilang tak beban,1
629,ingin mati tidur lama tak cerita siapa nyata siksa,1
630,sesuai dgn diri sangat ingin mati justru malah asa mati tmpt ramai,1
631,ingin mati,1
632,lelah karna aktivitas lelah hidup sampai ingin mati kalau jangan kalau pernah ucap percaya mungkin aku cuma canda mungkin,1
633,pagi yaa pagi balut luka hati dan rasa ingin mati,1
634,seperti bunuh tak mati mati aku ingin waras gila,1
635,sinar ingin mati redup perlahan,1
636,saya malah ingin mati cepat,1
637,ingin mati hari,1
638,kadang aku ingin mati kadang aku ingin punya rumah sendiri atas bukit jadi tani,1
639,ingin mati,1
640,ingin mati,1
641,buat puruk rasa ingin mati ent oph,1
642,mood ingin mati selalu nongol saya sendiri jadi kadang kadang teman saya suka semangat saya dgn jokes kalo mati lihat one piece tamat kadang mikir apa tahan tahun depan,1
643,uang pny tuju hidup udah beberapa kali besit ingin buat mati lebih parah mood kadang muncul kadang hilang kalau muncul benar rasa nekat krn kepala rasa stress berat sampe ingin muntah nang sendiri kamar lbh repot,1
644,ayo dong bikin aku cepat mati bosan hidup,1
645,ini saking cape udah kaya hidup segan mati tak ingin,1
646,mungkin bilang adalah hidup sial kampret pernah rasa rasa muak bosan jenuh lelah buat ingin mati tampa duli tetang apa,1
647,waktu saya umur tahun pernah coba bunuh diri yup bukan saya ingin mati saya ingin hukum orang sakit hati saya saya pikir orang akan sali hanya kata nya juga hidup,1
648,stress emosi stabil ingin mati,1
649,rasa siksa siksa tengah mati kadang ingin akhir sampai sini,1
650,hujan jangan pergi aku sepi,1
651,bukan keluh saja terkadang sulit atas sepi,1
652,sepi,1
653,sepi ajar makna hidup sejati sendiri lahir sendiri juang sendiri mati sendiri luar sana aku lihat orang orang gantung cinta pasang lalu mereka sakit cari cinta baru sakit cari cinta baru,1
654,sepi bantu temu diri lebih banyak waktu sendiri cari hobi hobi baru laku baru temu apa aku suka jadi kerja tulis hal hal ini,1
655,orang orang bilang aku anti sosial benar aku ingin baur aku orang tak tahu harus pulang teman serasa jadi formalitas jadi aku jalan sendiri sama sepi sang teman lama,1
656,yah gimana iri aku selalu sepi tiap hari kdng mnghrap ssorg peka alas aku monoton asik,1
657,terkadang aku benci hujan wangi selalu ingat aku sedang sepi,1
658,ada kala aku rasa punya apa apa sepi,1
659,tiap kali aku sepi hilang arah hidup lupa mimpi ketika aku ambil jalan salah kau selalu sis hwang wooyeon terimakasih banyak,1
660,punya temen banyak ngefek tetep aja sepi,1
661,saya rasa aura sepi,1
662,sure saya sepi,1
663,sepi tengah ramai,1
664,allah sepi,1
665,sepi,1
666,aku tau rasa sepi soal,1
667,kok aku sepi padahal rame rame,1
668,pernah ngerasa sepi banget padahal keliling banyak nemenin tapi tetep aja ngerasa hampa,1
669,sepi sendiri,1
670,canggung ramai damai sepi,1
671,suka sunyi benci sepi,1
672,sepi,1
673,sepi antara rutinitas,1
674,terkadang memang rasa sangat sepi,1
675,teman aku aku sepi,1
676,mata tidur bantal jaga aku libat sepi senjata,1
677,ini aku sepi dong,1
678,aku keliling banyak orang aku sepi,1
679,kira aku galau galau apa nyata aku sepi,1
680,iyo lah sepi depresi teman lama,1
681,bagi sepi derita teman,1
682,dalam ramai rasa sepi,1
683,gua udah gak tahan sepi,1
684,sepi,1
685,saya rasa saya sepi,1
686,tiba tiba rasa sepi,1
687,jadi aku sekolah jujur aja sepi punya temen paling satu orang jujur aja bosen aku ngeliat temen aku bikin projek semua mau buka booth bazaar bareng lah yang bikin clothing line bareng yang bikin projek rescue anjing bareng etc,1
688,aku ngerasa sepi kyk aduh aku tuh mau dong bikin projek bareng temen karena aku gak punya temen sekolah aku cari temen lain seru banget ajak ngobrol inclusive friendly baik banget lucu temen joyful,1
689,dan saya posisi sepi,1
690,gue sepi,1
691,gue cuma ken sendiri bener bener sendiri saat gue sepi banget,1
692,aku tuh sepi,1
693,sepi ramai,1
694,diri sepi,1
695,tertawa sepi,1
696,sepi rasa sendiri gak enak,1
697,aku aku kau kuat kau orang tahu rasa sakit sepi diri dan rasa sakit yang buat orang jadi kuat,1
698,mau beli ramai selalu sepi,1
699,ada hal tentu dapat singgung sepi,1
700,lelah hidup keluarga toxic,1
701,rasa murung jenuh lelah hantu hati bahkan masalah sex aku tak selera sedikit belakang aku jalan hidup dengan senyum senyum palsu,1
702,hah lelah banget hidup,1
703,ketika sadar ingat soal barusan sadar betapa cuma jengkal hidup mati aneka ragam asa seruak otomatis entah asa lelah sendiri sesal guna lain situ lah manusia biasa rindu tuhan,1
704,gua mau dokter tanyain kondisi gua kok gua takut hasil sama kaya tahun lalu hidup gua gantung obat trus lelah hayati,1
705,lelah hati lelah hidup dengan,1
706,bener bener lelah hidup gua gua udah gakuat,1
707,tapi ntah aku udh cukup lelah muak dgn hidup,1
708,mulai lelah hidup kadang suka sedih aja kerja sampek pagi tetep aja enggak dapet apresiasi kantor,1
709,bukan bukan perihal lelah cinta tapi perihal lelah hidup sometimes think gue engga mampu tapi hati bilang gausa cengeng deh luar sana byk hidup nya complicated pada hidup oke baik wanna single fighter but can,1
710,benar lelah begini batas lah hidup lama blm pergi kuat tahan,1
711,kadang rasa amat lelah harus sendiri terjang keras hidup masa depan,1
712,lelah hadap coba hidup,1
713,kadang lelah hidup memang mesti sele,1
714,owh hidup aku sungguh lelah,1
715,lelah cape mules badan ringsek campur aduk kayak hidup kyk gin,1
716,nyata hidup singkat kalau bawa main main lelah,1
717,ada dlm fase lelah main hidup naik turun hidup segi mana mulai uang keluarga cinta sampe interpersonal pdhl msh muda pgn ngerasain santai sdkit kayak susahh bgt,1
718,aku lelah tidur gabisa makan habis kerja kosong untung hidup gak bosen,1
719,sedang lelah hidup,1
720,kaya hidup gue lelah banget sampe gue lupa makan pagi,1
721,lelah hidup,1
722,ingin hidup normal tenang aman tentram ngga ganggu ngga rusak tenang sedih lelah rasa,1
723,terkadang hidup lihat benar terkadang lihat salah kadang benar benar salah lelah,1
724,smua ken jdi nyata bener bener lelah sma hidup mejam mata telah mata buka lgi smua pngen nyata fana alias cuma mimpi lelah sekali kpan berakir brp lma lgi usia gua buat tinggal dunia kejam,1
725,saya pegi dulu dah lelah hidup,1
726,lelah begini terus ken hidup normal rasa yang kayak kata orang jalanin aja tapi bisa pasti aja dipikirin kenapa begini tiap down selalu mikirin banyak nang sendiri lelah sendiri,1
727,kalo lelah sama hidup tuh kek mau mati aja kalo mati masuk surga,1
728,tadi bangun jam tengah karna mimpi lagi udah lelah sama hidup trus lelah pas mimpi,1
729,kadang lelah impi impi sendiri tapi apa mungkin hidup harap harap,1
730,lelah lihat saya hidup segan mati tak mau,1
731,undang tidur tidur aja gausah hidup lelah,1
732,kadang lelah hidup dunia bukan arti ingin cepat mati tapi seperti memang saat serius langit hati,1
733,capek bohong rasa hidup gelap banget ken henti lelah banget,1
734,bagi kalian lelah hidup bunuh diri solusi cepat nyata hehehehe,1
735,serah hidup lelah bro ayo semangat serah,1
736,lelah hidup,1
737,idm boleh aku numpang curhat lelah banget capek sama hidup sendiri bts twt,1
738,hari jalan biasa hidup penuh masalah bukan syukur lelah hidup ini ingin sekali rasa hidup orang selalu damai aman bahagia,1
739,aing lelah dgn hidup,1
740,lelah sama hidup ingin istirahat tak ganggu siapa,1
741,allah aku benar benar lelah hidup aku benar benar payah bukan hem,1
742,rasa aku jalan hidup mesin paksa tahan makan obat hari imbang mati rasa kemarin cukup aku lelah serah sekarang jangan namun aku bingung sendiri bagaimana,1
743,lelah beban hidup,1
744,biar kuliah gue biasa biasa aja gue pernah lelah sama hidup ingin henti gue rasa lah gue lebih butuh ajar hidup sekalipun orang lain ajar mungkin seperti cara sekalipun lama luka akan hidup gue,1
745,lama lama gua capek gatau capek karna apa hidup rutinitas itu aja ngebosenin temen lama lama makin kurang pacar susah bgt ditemuin kuliah bikin lelah keluarga klik,1
746,pokok gue udah lelah hidup ketemu dokter aja gak dikatain gila ngapain mau ketemu dokter segala curhat sama temen aja gak yang bakal percaya,1
747,sama hidup udah terlalu lelah sama banyak masalah mau sumpek baca antem politik,1
748,aku lelah sekali hidup,1
749,lelah hidup seriously,1
750,hal paling nekat pernah saya laku saya putus tetep lanjut hidup saat saya ingin mati akhir segala,1
751,meski kala ingin henti hidup ingin akhir semua ingin kereta henti selalu bilang yang tetap juang tetap ngirim peluk untuk mereka know weird,1
752,rasa rasa ingin akhir hidup,1
753,ingin akhir hidup,1
754,kadang suka berfikir mau akhir hidup itu semua gabisa balikin keluarga aku kan,1
755,pernah suatu waktu hadap masalah menentuka masa depan buat sangat stress depresi aku pernah milik ingin akhir hidup karena rasa ada orang yang erti aku,1
756,pernah posisi sangat ingin akhir hidup aku tau segala resiko aku tau tuhan bakal marah aku tahu arwah bakal tolak tapi apa aku peduli yang aku pikir aku cuma mau henti itu aja aku bakal nanggung segala resiko,1
757,kalo aku goblok gitu aja banggan nya jadi anak kerja nya ngerepotin aja situ aku rasa ingin akhir hidup,1
758,tahun hidup cenderung akhir hidup hitung sejak tahun lalu saat,1
759,rlt aku sekarang titik pengin akhir hidup aku cape disalahin sebab sama mama aku aku cape panggil anjing hari apa aku akhir hidup aja biar mama aku marah aku terus,1
760,sana saya usaha tahan karna memang sayang butuh saya tidak peduli bagaimana orang pandang saya kata kurang saya keluarga saya selalu untuk saya kata lebih saya tidak saya lepas pikir akhir hidup,1
761,evey single day life serasa ingin akhir hidup overthinking makes everything even worse,1
762,semangat akhir hidup lebih cepat,1
763,sempat pikir dalam pikir untuk akhir hidup ini ngga kuat rasa,1
764,ini saya rasain dok saya ingin akhir hidup saya saya hidup tidak guna siapa saya stress dok,1
765,saya pernah rasa sangat insecure clueless stress meski sampai luka bahkan pikir akhir hidup saya lemah bisa kerja bawah tekan iya saya lemah seperti kamu,1
766,hal paling nekat pernah saya laku saya putus tetep lanjut hidup saat saya ingin mati akhir segala,1
767,same bro aku sering ingin akhir hidup,1
768,bang saya ingin akhir hidup send your line whatsapp,1
769,aku gin kadang suka mikir gaada disalahin diri sendiri ujung nya suka ken akhir hidup,1
770,ada sembuh sakit aku derita kalau ingat anak istri orang tua ingin rasa aku akhir hidup,1
771,kpop saya akhir hidup pak sumber bahagia saya,1
772,kalau seperti tawar segera akhir hidup asa giur ucap pantul ada cermin,1
773,rasa ingin akhir hidup,1
774,sempat lintas pikir aku pilih akhir semua perlahan lahan aku rasa biasa hidup sekarang ikut drama semua orang akhir enas,1
775,lelah sangat lelah hidup penuh orang orang sebal dan temu orang orang takut sampai aku lupa tuju selesai semua akhir semua,1
776,akhir hidup pernah jadi opsi,1
777,kemarin aku pikir hidup sampai hari saja hari penuh aku juang lawan pikir sendiri akhir hidup sungguh lelah but survived proud myself,1
778,akhir hidup,1
779,dan saya pernah punya pikir akhir hidup saya dok pikir saya guna layak hidup mungin dunia lebih baik saya apakah saya depresi dok mohon balas,1
780,coba henti dateng nya kaya kereta express ngerasa punya temen sama sekali bahkan rencana akhir hidup bingung gimana cara bodo memang,1
781,rlt mungkin bahagia akhir aku akhir hidup,1
782,kalaupun akhir hidup buat boleh sudah kemarin aku laku,1
783,sempat lintas akhir hidup karna gapunya temen bener bener kuwat gengs tiap hari,1
784,allah ampun aku sekarang rasa putus asa penuh tubuh ingin rasa aku akhir hidup segera hindar lubang gelap pekat,1
785,kadang pas pikir gue pendek gue pikir satu nya cara akhir masalah adalah akhir hidup oke slap haha,1
786,ingin akhir hidup takut masuk neraka,1
787,ingin akhir hidup inget orang tua udah kerja keras,1
788,dan aku alami masuk golong depresu berat gimana rasa rasa kaya drama ken akhir hidup biar tenang cerita aku tampilin sini,1
789,rlt kdg aku mikir kalau aku akhir hidup bakal sedih selain orangtua karna lama aku rasa punya teman orang bener mau teman sama aku aku ingin coba ngetes siapa beneran peduli aku tau hal gak baik cheer please,1
790,aku dan selalu bilang semua baik baik sering datang pikir akhir hidup lebih baik demikian semua baik baik,1
791,maaf bagus kmrin aku sempet down lintas akhir hidup alhamdulillah sadar abis random baca surah faatir utama ayat,1
792,rlt suka lintas benak saya akhir akhir buat akhir hidup suka ngerasa gak buat tahan hidup,1
793,tbh dunno how say been depressed situation before pikir tiap selalu ingin akhir hidup utama kalo insom banyak rencana rencana bunuh diri mau aku lakuin,1
794,sayang gua terlalu banyak alas akhir hidup,1
795,kalau akhir hidup gak dosa saya udah laku sejak dulu hehe,1
796,kadang rasa ken akhir hidup lelah dengan semua tuhan,1
797,sedih putus asa ketidakberdayaan ingin akhir hidup,1
798,akhir akhir sering berfikir ingin akhir hidup,1
799,terlalu banyak luka buat aku ingin akhir hidup,1
800,malam aku patah semangat aku kecewa aku sedih,1
801,gak lah dah patah semangat aku tapa hutan aja,1
802,udh patah semangat dluan aja,1
803,guna lah yan aku patah semangat,1
804,apa cuma aku sering patah semangat mulut orangtuaku sendiri,1
805,patah pinggang patah hati patah semangat,1
806,memang ada masa kau patah semangat,1
807,terlalu overthinking sebab aku patah semangat,1
808,weh patah semangat nak ajar kalau tengok semuaorg balik,1
809,susah keluar zona patah hati padahal butuh nya semangat,1
810,ini bisa buat gila buat tak milik semangat karya patah segala ada,1
811,maaf takdapek nak terus patah semangat,1
812,idm kasih aku motivasi dong lagi patah semangat mtvemabiggestfansbts bts twt,1
813,titik patah semangat,1
814,patah arah patah semangat,1
815,asa patah semangat,1
816,terkadang buah kata buat patah semangat orang,1
817,patah semangat deh,1
818,nggak down tapi patah semangat aja,1
819,patah semangat tetibe rasa malas nak pegi,1
820,ada pas kampus saat dosbing materi gua ngejatohin bikin patah semangat gak pede buat sidang optimis gak lulus dosen teknis gua semangat habis habis,1
821,kau buat semangat kau yang buat patah semangat,1
822,aku dah patah semangat dahni,1
823,patah semangat terusss cuti bln beku,1
824,aku udah patah semangat nih banyak aku skip terus,1
825,patah semangat,1
826,allah kasih tunjuk biar aku nglupain dia lama hilang dia pikir hilang dia patah semangat hidup jika aku pilih aku sumpah aku ingin pulang cepat untuk duniaini,1
827,patah semangat,1
828,surem patah semangat nih,1
829,berat padahal hari kau penuh semangat tiba tiba patah saja tuhan memang maha bolak balik hati pesan pribadi syukur apa ber hikmah akhir hari kau sedih kau mula baik bicara babaganati,1
830,aku dah patah semangat,1
831,bikin patah semangat iyaaa,1
832,and also aku mudah patah semangat nampak tulis banyak,1
833,nan,1
834,nan,1
835,nan,1
836,nan,1
837,nan,1
838,nan,1
839,nan,1
840,nan,1
841,nan,1
842,nan,1
843,nan,1
844,nan,1
845,nan,1
846,nan,1
847,nan,1
848,nan,1
849,nan,1
850,ingginku pergi dunia untuk lama lama putus asa,1
851,allah ampun aku sekarang rasa putus asa penuh tubuh ingin rasa aku akhir hidup segera hindar lubang gelap pekat,1
852,sedih putus asa ketidakberdayaan ingin akhir hidup,1
853,nyaris putus asa sedikit nang pojok,1
854,selalu rasa nak putus asa,1
855,allah aku tak kuat putus asa skrg tak tahu nak buat apa dekat hati mungkin murung panjang,1
856,gaboleh putus asa tapi apa daya,1
857,putus asa,1
858,sudah putus asa,1
859,kadang kala aku jealous aku serah aku putus asa aku tak keruan tapi aku kena tahu ini hidup ada atas bawah tiap orang cerita mcm mana improving myself aku betul down aduhaiiii tak leh gak sentiasa positive,1
860,patut lah skrg rasa tak semangat sangat cepat putus asa,1
861,bayangin deh sedih hati bolong kecewa kesel marah putus asa semua campur aduk trs gabisa apa rasa tuh pen nang aja ampe sek selalu tahan krn masalah hrs diselesein dulu,1
862,dah lanjur putus asa nda,1
863,udah putus asa judul mbaa susah,1
864,selalu rasa putus asa,1
865,smp rasa putus harap putus asa,1
866,aku bosan takut sudah bosan putus asa,1
867,semua tempat riset tolak aku tim alas surat blm disposisi udah putus asa tapi tau tau aja salah satu kontraktor aku risetin aku nekat aja langsung divisi perlu aku risetin cobain aja dulu,1
868,gilir gue lelah mulai putus asa rantau doi ubah drastis,1
869,aku udh beberapa kali putus asa thank much,1
870,bosan putus asa kesal semua jadi satu sampe deact biar gak iri sama kuliah,1
871,aku sering putus asa,1
872,sudah putus asa dia bingung mau jawab apa,1
873,pltl saya putus asa campur sedih banget gatau apa semangatin dong baik,1
874,sini aku ceritain betapa sedih hidup bukan aku aku memang awal awal diagnosa positif lewat fase sedih down putus asa kecewa diri sendiri pokok jatuh jurang gelap sendiri ada siapa siapa sana,1
875,akhir minggu sempet putus asa gambar terribet jadi makasih mput atas semangat lama huhu ayo rate feel free save nctea,1
876,putus asa kalah sakit pedih luka fakesmile acah okay acah kuat benar lemah tahlah biar aku rasa sorang sorang,1
877,putus asa ampe bikin pikir mulu ngelakuin apa apa,1
878,kadang putus asa hidup harus jalan apa ada,1
879,aku pulak rasa putus asa,1
880,putus asa kayak udah gak punya semangat ken bunuh diri,1
881,rasa putus asa hantu,1
882,iki aku wong putus asa,1
883,hahaha kirain bener udh putus asa aja aku,1
884,masalah dewasa doa kuat putus asa hancur segala,1
885,pagi kejut suatu dan udah hampir putus asa,1
886,putus asa,1
887,ngerasa putus asa bad inih,1
888,ulah putus asa,1
889,hampir putus asa,1
890,putus asa dah,1
891,rasa putus asa,1
892,aku hampir putus asa ngan semua,1
893,aku dah putus asa nak tahan benda belum pun benar ikhlas kau tak benar aku cuma ikut mana takdir bawak aku,1
894,tak tahu lah nak sabar macam mana dah dah putus asa dah rasa lagi lama aku tahan mati pendam asa,1
895,sempet putus asa dapet kabar putus asa dapet kabar sabar nunggu nunggu kabar hrd ibarat nunggu tembak dia kita ngarep dia gak nembak,1
896,saat sempat putus asa,1
897,jalan nafas putus asa benci luka dalam kecewa iri hati masyaallah ampun aku,1
898,saya milik siapa ketika hujan lebat minggu lepas saya putus asa hidup saya nekad gantung diri saya,1
899,nah sakit dateng putus asa rasa sendiri padahal tahu allah sama,1
900,terima kasih utk twit saya sedang juang lepas depresi sungguh tulis kuat saya,1
901,saya rasa saya alami depresi,1
902,sampai skrg saya mas depresi,1
903,saya sempat mengalmi gejala depresi cukup buat orang dekat khawatir konsumsi tenang,1
904,ini udah latih sih sejak koas waktu ayah tinggal saya beri wkt hari libur esok saya tetep follow pasien senyum periksa pasien meski msh dlm ada depresi sedih orang kerja kait dgn jasa tetep professional,1
905,dukung kalian sungguh arti saya bukti bahwasanya ada beri percaya olah jadi sunti semangat tengah depresi frustasi kadang landa means lot guys dukung kalian kuat pundak aku cinta kalian,1
906,yang rasa saya akhir akhir depresi tekan akibat jarang tidur jarang mandi ujung pribadi ambisius angkuh dampak orang orang huft,1
907,kemarin saya sempat psikolog belum didiagnosa depresi ringan saya sering alami takut soal masa depan cukup ganggu giat saya tapi psikolog saran saya lawan rasa takut sedang saya paksa gak takut cemas,1
908,depresi puruk rasa ingin mati,1
909,iyo lah sepi depresi teman lama,1
910,kutik depresi akhir akhir sampai benar benar ingin mati aku butuh teman,1
911,saya jelas gak bangga punya depresi tapi saya cuma ken orang tahu betapa susah saya bangun tidur hari bahkan weekend betapa saya ingin mati cepat tidak berani bunuh diri,1
912,bahasa inggris saya jelek sekali perlu ulang baca buka tutup translater tpi saya rasa depresi rasa sama pernah saya rasa mas juang rang efek hingga sekarang,1
913,saya pikir henti diet nafsu makan turun telah diet malah makin turun nafsu makan aku depresi minor tugas akhir kayak,1
914,haduh menang adhd depresi ringan kapan kamu sembuh saya lelah,1
915,semua ucap asal mulut hati akan pengaruh pikir saya sendiri kata saya memang mampu saya payah saya depresi saya sedih saya layak saya benar benar guna,1
916,saya pernah masuk masa insecure sama nilai org takut salah jadi gak enak hasil malah jadi overthinking bahkan depresi pikir apa laku sampe orang sikap gitu bahkan pernah tolak perempuan dia sebel aku dikit dikit minta maaf,1
917,bablas mikir jauh masa depan jadi panik sendiri jadi jatuh sendiri perlahan terhisap lumpur saya sadar alhasil depresi karena mikir jauh frustasi gerak aware denial,1
918,tutup tutup orang ttp butuh teman ngobrol tuhan selamat saya depresi,1
919,depresi saya makin hari makin parah itu jiwa saya serasa belah diri satu jiwa suruh saya akhir semua satu jiwa semangat saya tetap tahan,1
920,otak fisik saya mati rasa saya depresi berat jalan tatap saya kosong melongpong beberapa bulan saya kucil diri saya keluarga teman saya tiap hari keluarga saya usaha hubung saya tidak satu saya tanggap,1
921,saat lah titik rendah masa hidup saya jiwa otak saya tiap hari didih tanya sebenernya siapa saya apa saya laku saya depresi diri sendiri kerja saya amburadul bahkan saya bisa pikir laku kecil,1
922,saya manusia depresi buat sendiri akhir bunuh diri solusi,1
923,saya belanda beberapa hari sana saya keliling kota amsterdam telusur kanal nya jalan kaki kasihan diri saya sendiri itu saya bener ngerasa harga kyk sampah rejected unwanted komplit ditemenin lagu depresi earphone saya,1
924,apa lebih baik saya mati kerja ndak dapat stress berat siklus haid beranta sejak lulus kuliah aku juga bisa depresi,1
925,alami stress depresi hal atas amat saya pribadi lingkung saya,1
926,masalah saya udah depresi jauh temen keluarga saya udh coba teman temen kantor nyata mereka ada hidup ajak mereka main kapan mungkin salah saya pindah kesitu cuma dia nyari uang hehehe,1
927,udah tahun lebih saya depresi gak kunjung sembuh takut reach out for help cuma gantung sama obat kalau saya reach out for help apa ngebebanin temen keluarga saya,1
928,ibu saya kaya gin saya depresi suicidal tiap kali saya kumat parah ibu malah bilang jangan nurutin apa kata setan hhh,1
929,hasil sekarang saya depresi orang tua tau,1
930,saya sama kaya kamu gak berani bilang siapa siapa takut ibu saya sama suka marah marah saya takut kalau bilang saat rasa depresi sendiri hal itu saya sempat konsul beberapa kali laku test psikolog online hasil,1
931,rlt saya sedang alami anxious depresi betul saya tgl sendiri negeri org drtd saya gak henti nang mungkin sekira kasih saya kata tenang atau ayat bible terima kasih,1
932,maaf saya depresi bukan sepi,1
933,saya depresi,1
934,saya kemarin buat video isi alam atas depresi masuk konsultasi psikolog tapi saya belum berani share publik karena saya sendiri belum siap mental,1
935,lihat tanda depresi ringan seperti saya dlm masa,1
936,saya depresi,1
937,saya derita depresi awal kata dokter gejala depresi yang saya rasa lebih prediksi dokter mohon saran dok saya rasa sangat berat hilang jati diri saya bahkan saya hampir tdk nali diri saya saya gagal fokus ada suport,1
938,dokter kapan obat depresi saya akhir saya capek lama mba,1
939,saya depresi saya serah,1
940,saya sering bagai tekan hidup coba cerita beberapa orang selalu sindir drama bahkan ngejudge saya becus ada bilang kamu msh mending saya dulu bla bla bla tambah bikin depresi,1
941,saya alami jalan buntu toxic person anggota keluarga sendiri ayah dan penuh gejala narsisistik sosiopat dan krn agama anut tidak cerai tahun ortu ultah nikah dan saya alami depresi tahun not easy all,1
942,saya sempat simpan depresi saya alami akibat kerja waktu lama saya rasa sangat sepi,1
943,baru sekarang saya sadar cetus depresi utama hidup saya orang orang gak erti saya coba buat saya jadi orang sesuai standar mereka jika kamu beda mereka kamu anggap ada introvertlife,1
944,rlt gua gelut sama depresi gua ada dapet email kaya gin tuhan tau banget memang menyengangkan hati umat nya maaf saya terimakasih allah,1
945,apakah saya stress iya apakah saya depresi mungkin iya apakah saya gila lahir apakah saya jijik simpul kurang perhati krisis percaya diri selalu berekspektasi tinggi,1
946,dear orang tua seluruh dunia jangan tengkar depan anak kecil saya depresi,1
947,dan sang adiksi sengaja saya muncul benak distraksi atas rasa depresi saya alami belakang kasar sang adiksi obat tenang,1
948,rpw kasih saya semangat gak saya down banget masalah saya buat depresi saya muncul,1
949,stress panjang buat saya depresi,1
950,aku murung selamat tinggal dunia aaaaaaaa,1
951,gue ambyar selamat tinggal dunia,1
952,selamat tinggal dunia,1
953,selamat tinggal dunia,1
954,selamat tinggal dunia,1
955,selamat tinggal dunia buang masa penuh tipu sia sia,1
956,allah aku sudah tidak sanggup lagi selamat tinggal dunia,1
957,selamat tinggal dunia kejam,1
958,selamat tinggal dunia,1
959,aku give selamat tinggal dunia,1
960,aku ucap selamat tinggal dunia,1
961,selamat tinggal dunia,1
962,selamat tinggal dunia can stay anymore,1
963,selamat tinggal dunia,1
964,selamat tinggal dunia,1
965,bye selamat tinggal dunia,1
966,selamat tinggal dunia indah,1
967,selamat tinggal dunia,1
968,maaf aku serah selamat tinggal dunia,1
969,selamat tinggal dunia,1
970,selamat tinggal dunia,1
971,selamat tinggal dunia,1
972,selamat tinggal dunia bila tak lagi teman sejati jujur tepat janji saling erti,1
973,selamat tinggal diah selamat tinggal dunia selamat tinggal semua aku pamit mau pulang ketemu akhirat,1
974,selamat tinggal dunia,1
975,selamat tinggal dunia,1
976,selamat tinggal dunia,1
977,selamat tinggal dunia,1
978,selamat tinggal dunia,1
979,selamat tinggal dunia,1
980,selamat tinggal dunia aja deh,1
981,selamat tinggal dunia,1
982,selamat tinggal dunia,1
983,kau bijak kau pandai takda doa orang tua selamat tinggal dunia,1
984,selamat tinggal dunia,1
985,selamat tinggal dunia,1
986,selamat tinggal dunia,1
987,oqe selamat tinggal dunia,1
988,selamat tinggal dunia aku mau logout dari dunia,1
989,bye selamat tinggal dunia,1
990,allah aku move dgn mejemen paper selamat tinggal dunia,1
991,selamat tinggal dunia dunia tidak laku adil drama,1
992,selamat tinggal dunia selalu sakit,1
993,selamat tinggal dunia pahit,1
994,selamat tinggal dunia saya pergi duluuu,1
995,selamat tinggal dunia,1
996,kata selamat tinggal dunia,1
997,oke selamat tinggal dunia,1
998,dadah selamat tinggal irin selamat tinggal dunia,1
999,sedih saya ingin ucap selamat tinggal dunia,1
